year,ind,age,sex,life_history,territory
0,0,0,male,primary,1.0
0,1,0,male,floater,
0,2,0,male,primary,3.0
0,3,0,male,primary,4.0
0,4,0,male,primary,5.0
0,5,0,male,floater,
0,6,0,male,floater,
0,7,0,male,floater,
0,8,0,male,floater,
0,9,0,male,floater,
0,10,0,male,floater,
0,11,0,male,floater,
0,12,0,male,floater,
0,13,0,male,floater,
0,14,0,male,floater,
0,15,0,male,floater,
0,16,0,male,floater,
0,17,0,male,floater,
0,18,0,male,floater,
0,19,0,male,floater,
0,20,0,male,floater,
0,21,0,male,floater,
0,22,0,male,floater,
0,23,0,male,floater,
0,24,0,male,floater,
0,25,0,male,floater,
0,26,0,male,floater,
0,27,0,male,floater,
0,28,0,male,floater,
0,29,0,male,floater,
0,30,0,male,floater,
0,31,0,male,floater,
0,32,0,male,floater,
0,33,0,male,floater,
0,34,0,male,floater,
0,35,0,male,floater,
0,36,0,male,floater,
0,37,0,male,floater,
0,38,0,male,floater,
0,39,0,male,floater,
0,40,0,male,floater,
0,41,0,male,floater,
0,42,0,male,floater,
0,43,0,male,floater,
0,44,0,male,floater,
0,45,0,male,floater,
0,46,0,male,floater,
0,47,0,male,floater,
0,48,0,male,floater,
0,49,0,male,floater,
0,50,0,male,floater,
0,51,0,male,floater,
0,52,0,male,floater,
0,53,0,male,floater,
0,54,0,male,floater,
0,55,0,male,floater,
0,56,0,male,floater,
0,57,0,male,floater,
0,58,0,male,floater,
0,59,0,male,floater,
0,60,0,male,floater,
0,61,0,male,floater,
0,62,0,male,floater,
0,63,0,male,floater,
0,64,0,male,floater,
0,65,0,male,floater,
0,66,0,male,floater,
0,67,0,male,floater,
0,68,0,male,floater,
0,69,0,male,floater,
0,70,0,male,floater,
0,71,0,male,floater,
0,72,0,male,floater,
0,73,0,male,floater,
0,74,0,male,floater,
0,75,0,male,floater,
0,76,0,male,floater,
0,77,0,male,floater,
0,78,0,male,floater,
0,79,0,male,floater,
0,80,0,male,floater,
0,81,0,male,floater,
0,82,0,male,floater,
0,83,0,male,floater,
0,84,0,male,floater,
0,85,0,male,floater,
0,86,0,male,floater,
0,87,0,male,floater,
0,88,0,male,floater,
0,89,0,male,floater,
0,90,0,male,floater,
0,91,0,male,floater,
0,92,0,male,floater,
0,93,0,male,floater,
0,94,0,male,floater,
0,95,0,male,floater,
0,96,0,male,floater,
0,97,0,male,floater,
0,98,0,male,floater,
0,99,0,male,floater,
0,100,0,male,floater,
0,101,0,male,floater,
0,102,0,male,floater,
0,103,0,male,floater,
0,104,0,male,floater,
0,105,0,male,floater,
0,106,0,male,floater,
0,107,0,male,floater,
0,108,0,male,floater,
0,109,0,male,floater,
0,110,0,male,floater,
0,111,0,male,floater,
0,112,0,male,floater,
0,113,0,male,floater,
0,114,0,male,floater,
0,115,0,male,floater,
0,116,0,male,floater,
0,117,0,male,floater,
0,118,0,male,floater,
0,119,0,male,floater,
0,120,0,male,floater,
0,121,0,male,floater,
0,122,0,male,floater,
0,123,0,male,floater,
0,124,0,male,floater,
0,125,0,male,floater,
0,126,0,male,floater,
0,127,0,male,floater,
0,128,0,male,floater,
0,129,0,male,floater,
0,130,0,male,floater,
0,131,0,male,floater,
0,132,0,male,floater,
0,133,0,male,floater,
0,134,0,male,floater,
0,135,0,male,floater,
0,136,0,male,floater,
0,137,0,male,floater,
0,138,0,male,floater,
0,139,0,male,floater,
0,140,0,male,floater,
0,141,0,male,floater,
0,142,0,male,floater,
0,143,0,male,floater,
0,144,0,male,floater,
0,145,0,male,floater,
0,146,0,male,floater,
0,147,0,male,floater,
0,148,0,male,floater,
0,149,0,male,floater,
0,150,0,female,floater,
0,151,0,female,floater,
0,152,0,female,floater,
0,153,0,female,floater,
0,154,0,female,floater,
0,155,0,female,floater,
0,156,0,female,floater,
0,157,0,female,floater,
0,158,0,female,floater,
0,159,0,female,floater,
0,160,0,female,floater,
0,161,0,female,floater,
0,162,0,female,floater,
0,163,0,female,floater,
0,164,0,female,floater,
0,165,0,female,floater,
0,166,0,female,floater,
0,167,0,female,floater,
0,168,0,female,floater,
0,169,0,female,floater,
0,170,0,female,floater,
0,171,0,female,floater,
0,172,0,female,floater,
0,173,0,female,floater,
0,174,0,female,floater,
0,175,0,female,floater,
0,176,0,female,floater,
0,177,0,female,floater,
0,178,0,female,floater,
0,179,0,female,floater,
0,180,0,female,floater,
0,181,0,female,floater,
0,182,0,female,floater,
0,183,0,female,floater,
0,184,0,female,floater,
0,185,0,female,floater,
0,186,0,female,floater,
0,187,0,female,floater,
0,188,0,female,floater,
0,189,0,female,floater,
0,190,0,female,floater,
0,191,0,female,floater,
0,192,0,female,floater,
0,193,0,female,floater,
0,194,0,female,floater,
0,195,0,female,floater,
0,196,0,female,floater,
0,197,0,female,floater,
0,198,0,female,floater,
0,199,0,female,floater,
0,200,0,female,floater,
0,201,0,female,floater,
0,202,0,female,floater,
0,203,0,female,floater,
0,204,0,female,floater,
0,205,0,female,floater,
0,206,0,female,floater,
0,207,0,female,floater,
0,208,0,female,floater,
0,209,0,female,floater,
0,210,0,female,primary,3.0
0,211,0,female,floater,
0,212,0,female,floater,
0,213,0,female,floater,
0,215,0,female,floater,
0,216,0,female,floater,
0,217,0,female,floater,
0,218,0,female,floater,
0,219,0,female,floater,
0,220,0,female,floater,
0,221,0,female,floater,
0,222,0,female,floater,
0,223,0,female,floater,
0,224,0,female,floater,
0,225,0,female,floater,
0,226,0,female,floater,
0,227,0,female,floater,
0,229,0,female,floater,
0,230,0,female,floater,
0,231,0,female,floater,
0,232,0,female,floater,
0,233,0,female,floater,
0,234,0,female,floater,
0,235,0,female,floater,
0,236,0,female,floater,
0,237,0,female,floater,
0,238,0,female,floater,
0,239,0,female,floater,
0,240,0,female,floater,
0,241,0,female,floater,
0,242,0,female,floater,
0,243,0,female,floater,
0,244,0,female,floater,
0,245,0,female,floater,
0,246,0,female,floater,
0,247,0,female,floater,
0,248,0,female,floater,
0,249,0,female,floater,
0,250,0,female,floater,
0,251,0,female,floater,
0,252,0,female,floater,
0,253,0,female,floater,
0,254,0,female,floater,
0,255,0,female,floater,
0,256,0,female,floater,
0,257,0,female,floater,
0,258,0,female,floater,
0,259,0,female,floater,
0,260,0,female,floater,
0,261,0,female,floater,
0,262,0,female,floater,
0,263,0,female,floater,
0,264,0,female,floater,
0,265,0,female,floater,
0,266,0,female,floater,
0,267,0,female,floater,
0,268,0,female,floater,
0,269,0,female,floater,
0,270,0,female,floater,
0,271,0,female,floater,
0,272,0,female,floater,
0,273,0,female,floater,
0,274,0,female,floater,
0,275,0,female,floater,
0,276,0,female,floater,
0,277,0,female,floater,
0,278,0,female,floater,
0,279,0,female,floater,
0,280,0,female,floater,
0,281,0,female,floater,
0,282,0,female,floater,
0,283,0,female,floater,
0,284,0,female,floater,
0,285,0,female,floater,
0,286,0,female,floater,
0,287,0,female,floater,
0,288,0,female,floater,
0,289,0,female,floater,
0,290,0,female,floater,
0,291,0,female,floater,
0,292,0,female,floater,
0,293,0,female,floater,
0,294,0,female,floater,
0,295,0,female,floater,
0,296,0,female,floater,
0,297,0,female,floater,
0,298,0,female,floater,
0,299,0,female,floater,
0,300,0,male,fledgling,3.0
1,0,1,male,primary,1.0
1,1,1,male,floater,
1,2,1,male,primary,3.0
1,3,1,male,primary,4.0
1,4,1,male,primary,5.0
1,5,1,male,floater,
1,6,1,male,floater,
1,7,1,male,floater,
1,8,1,male,floater,
1,9,1,male,floater,
1,10,1,male,floater,
1,11,1,male,floater,
1,12,1,male,floater,
1,13,1,male,floater,
1,14,1,male,floater,
1,15,1,male,floater,
1,16,1,male,floater,
1,17,1,male,floater,
1,18,1,male,floater,
1,19,1,male,floater,
1,20,1,male,floater,
1,21,1,male,floater,
1,22,1,male,floater,
1,23,1,male,floater,
1,24,1,male,floater,
1,25,1,male,floater,
1,26,1,male,floater,
1,27,1,male,floater,
1,28,1,male,floater,
1,29,1,male,floater,
1,30,1,male,floater,
1,31,1,male,floater,
1,32,1,male,floater,
1,33,1,male,floater,
1,34,1,male,floater,
1,35,1,male,floater,
1,36,1,male,floater,
1,37,1,male,floater,
1,38,1,male,floater,
1,39,1,male,floater,
1,40,1,male,floater,
1,41,1,male,floater,
1,42,1,male,floater,
1,43,1,male,floater,
1,44,1,male,floater,
1,45,1,male,floater,
1,46,1,male,floater,
1,47,1,male,floater,
1,48,1,male,floater,
1,49,1,male,floater,
1,50,1,male,floater,
1,51,1,male,floater,
1,52,1,male,floater,
1,53,1,male,floater,
1,54,1,male,floater,
1,55,1,male,floater,
1,56,1,male,floater,
1,57,1,male,floater,
1,58,1,male,floater,
1,59,1,male,floater,
1,60,1,male,floater,
1,61,1,male,floater,
1,62,1,male,floater,
1,63,1,male,floater,
1,64,1,male,floater,
1,65,1,male,floater,
1,66,1,male,floater,
1,67,1,male,floater,
1,68,1,male,floater,
1,69,1,male,floater,
1,70,1,male,floater,
1,71,1,male,floater,
1,72,1,male,floater,
1,73,1,male,floater,
1,74,1,male,floater,
1,75,1,male,floater,
1,76,1,male,floater,
1,77,1,male,floater,
1,78,1,male,floater,
1,79,1,male,floater,
1,80,1,male,floater,
1,81,1,male,floater,
1,82,1,male,floater,
1,83,1,male,floater,
1,84,1,male,floater,
1,85,1,male,floater,
1,86,1,male,floater,
1,87,1,male,floater,
1,88,1,male,floater,
1,89,1,male,floater,
1,90,1,male,floater,
1,91,1,male,floater,
1,92,1,male,floater,
1,93,1,male,floater,
1,94,1,male,floater,
1,95,1,male,floater,
1,96,1,male,floater,
1,97,1,male,floater,
1,98,1,male,floater,
1,99,1,male,floater,
1,100,1,male,floater,
1,101,1,male,floater,
1,102,1,male,floater,
1,103,1,male,floater,
1,104,1,male,floater,
1,105,1,male,floater,
1,106,1,male,floater,
1,107,1,male,floater,
1,108,1,male,floater,
1,109,1,male,floater,
1,110,1,male,floater,
1,111,1,male,floater,
1,112,1,male,floater,
1,113,1,male,floater,
1,114,1,male,floater,
1,115,1,male,floater,
1,116,1,male,floater,
1,117,1,male,floater,
1,118,1,male,floater,
1,119,1,male,floater,
1,120,1,male,floater,
1,121,1,male,floater,
1,122,1,male,floater,
1,123,1,male,floater,
1,124,1,male,floater,
1,125,1,male,floater,
1,126,1,male,floater,
1,127,1,male,floater,
1,128,1,male,floater,
1,129,1,male,floater,
1,130,1,male,floater,
1,131,1,male,floater,
1,132,1,male,floater,
1,133,1,male,floater,
1,134,1,male,floater,
1,135,1,male,floater,
1,136,1,male,floater,
1,137,1,male,floater,
1,138,1,male,floater,
1,139,1,male,floater,
1,140,1,male,floater,
1,141,1,male,floater,
1,142,1,male,floater,
1,143,1,male,floater,
1,144,1,male,floater,
1,145,1,male,floater,
1,146,1,male,floater,
1,147,1,male,floater,
1,148,1,male,floater,
1,149,1,male,floater,
1,150,1,female,floater,
1,151,1,female,floater,
1,152,1,female,floater,
1,153,1,female,floater,
1,154,1,female,floater,
1,155,1,female,floater,
1,156,1,female,floater,
1,157,1,female,floater,
1,158,1,female,floater,
1,159,1,female,floater,
1,160,1,female,floater,
1,161,1,female,floater,
1,162,1,female,floater,
1,163,1,female,floater,
1,164,1,female,floater,
1,165,1,female,floater,
1,166,1,female,floater,
1,167,1,female,floater,
1,168,1,female,floater,
1,169,1,female,floater,
1,170,1,female,floater,
1,171,1,female,floater,
1,172,1,female,floater,
1,173,1,female,floater,
1,174,1,female,floater,
1,175,1,female,floater,
1,176,1,female,floater,
1,177,1,female,floater,
1,178,1,female,floater,
1,179,1,female,floater,
1,180,1,female,floater,
1,182,1,female,floater,
1,183,1,female,floater,
1,184,1,female,floater,
1,185,1,female,floater,
1,186,1,female,floater,
1,187,1,female,floater,
1,188,1,female,floater,
1,189,1,female,floater,
1,190,1,female,floater,
1,191,1,female,floater,
1,192,1,female,floater,
1,193,1,female,floater,
1,194,1,female,floater,
1,195,1,female,floater,
1,196,1,female,floater,
1,197,1,female,floater,
1,198,1,female,floater,
1,199,1,female,floater,
1,200,1,female,floater,
1,201,1,female,floater,
1,202,1,female,floater,
1,203,1,female,floater,
1,204,1,female,floater,
1,205,1,female,floater,
1,206,1,female,floater,
1,207,1,female,floater,
1,208,1,female,floater,
1,209,1,female,floater,
1,210,1,female,primary,3.0
1,211,1,female,floater,
1,212,1,female,floater,
1,213,1,female,floater,
1,215,1,female,floater,
1,216,1,female,floater,
1,217,1,female,floater,
1,218,1,female,floater,
1,219,1,female,floater,
1,220,1,female,floater,
1,221,1,female,floater,
1,222,1,female,floater,
1,223,1,female,floater,
1,224,1,female,floater,
1,225,1,female,floater,
1,226,1,female,floater,
1,227,1,female,floater,
1,229,1,female,floater,
1,230,1,female,floater,
1,231,1,female,floater,
1,232,1,female,floater,
1,233,1,female,floater,
1,234,1,female,floater,
1,235,1,female,floater,
1,236,1,female,floater,
1,237,1,female,floater,
1,238,1,female,floater,
1,239,1,female,floater,
1,240,1,female,floater,
1,241,1,female,floater,
1,242,1,female,floater,
1,243,1,female,floater,
1,244,1,female,floater,
1,245,1,female,floater,
1,246,1,female,floater,
1,247,1,female,floater,
1,248,1,female,floater,
1,249,1,female,floater,
1,250,1,female,floater,
1,251,1,female,floater,
1,252,1,female,floater,
1,253,1,female,floater,
1,254,1,female,floater,
1,256,1,female,floater,
1,257,1,female,floater,
1,258,1,female,floater,
1,259,1,female,floater,
1,260,1,female,floater,
1,261,1,female,floater,
1,262,1,female,floater,
1,263,1,female,floater,
1,264,1,female,floater,
1,265,1,female,floater,
1,266,1,female,floater,
1,267,1,female,floater,
1,268,1,female,floater,
1,269,1,female,floater,
1,270,1,female,floater,
1,271,1,female,floater,
1,272,1,female,floater,
1,273,1,female,floater,
1,274,1,female,floater,
1,275,1,female,floater,
1,276,1,female,floater,
1,277,1,female,floater,
1,278,1,female,floater,
1,279,1,female,floater,
1,280,1,female,floater,
1,281,1,female,floater,
1,282,1,female,floater,
1,283,1,female,floater,
1,284,1,female,floater,
1,285,1,female,floater,
1,286,1,female,floater,
1,287,1,female,floater,
1,288,1,female,floater,
1,289,1,female,floater,
1,290,1,female,primary,4.0
1,291,1,female,floater,
1,292,1,female,floater,
1,293,1,female,floater,
1,294,1,female,floater,
1,295,1,female,floater,
1,296,1,female,floater,
1,297,1,female,floater,
1,298,1,female,floater,
1,299,1,female,floater,
1,300,1,male,floater,
1,301,0,female,fledgling,3.0
1,302,0,male,fledgling,4.0
2,0,2,male,primary,1.0
2,1,2,male,floater,
2,2,2,male,primary,3.0
2,3,2,male,primary,4.0
2,4,2,male,primary,5.0
2,5,2,male,floater,
2,6,2,male,floater,
2,7,2,male,floater,
2,8,2,male,floater,
2,9,2,male,floater,
2,10,2,male,floater,
2,11,2,male,floater,
2,12,2,male,floater,
2,13,2,male,floater,
2,14,2,male,floater,
2,15,2,male,floater,
2,16,2,male,floater,
2,17,2,male,floater,
2,18,2,male,floater,
2,19,2,male,floater,
2,20,2,male,floater,
2,21,2,male,floater,
2,22,2,male,floater,
2,23,2,male,floater,
2,24,2,male,floater,
2,25,2,male,floater,
2,26,2,male,floater,
2,27,2,male,floater,
2,28,2,male,floater,
2,29,2,male,floater,
2,30,2,male,floater,
2,31,2,male,floater,
2,32,2,male,floater,
2,33,2,male,floater,
2,34,2,male,floater,
2,35,2,male,floater,
2,36,2,male,floater,
2,37,2,male,floater,
2,38,2,male,floater,
2,39,2,male,floater,
2,40,2,male,floater,
2,41,2,male,floater,
2,42,2,male,floater,
2,43,2,male,floater,
2,44,2,male,floater,
2,45,2,male,floater,
2,46,2,male,floater,
2,47,2,male,floater,
2,48,2,male,floater,
2,49,2,male,floater,
2,50,2,male,floater,
2,51,2,male,floater,
2,52,2,male,floater,
2,53,2,male,floater,
2,54,2,male,floater,
2,55,2,male,floater,
2,56,2,male,floater,
2,57,2,male,floater,
2,58,2,male,floater,
2,59,2,male,floater,
2,60,2,male,floater,
2,61,2,male,floater,
2,62,2,male,floater,
2,63,2,male,floater,
2,64,2,male,floater,
2,65,2,male,floater,
2,66,2,male,floater,
2,67,2,male,floater,
2,69,2,male,floater,
2,70,2,male,floater,
2,71,2,male,floater,
2,72,2,male,floater,
2,73,2,male,floater,
2,74,2,male,floater,
2,75,2,male,floater,
2,76,2,male,floater,
2,77,2,male,floater,
2,78,2,male,floater,
2,80,2,male,floater,
2,81,2,male,floater,
2,82,2,male,floater,
2,83,2,male,floater,
2,84,2,male,floater,
2,85,2,male,floater,
2,86,2,male,floater,
2,87,2,male,floater,
2,88,2,male,floater,
2,89,2,male,floater,
2,90,2,male,floater,
2,91,2,male,floater,
2,92,2,male,floater,
2,93,2,male,floater,
2,94,2,male,floater,
2,95,2,male,floater,
2,96,2,male,floater,
2,97,2,male,floater,
2,98,2,male,floater,
2,99,2,male,floater,
2,100,2,male,floater,
2,101,2,male,floater,
2,102,2,male,floater,
2,103,2,male,floater,
2,104,2,male,floater,
2,105,2,male,floater,
2,106,2,male,floater,
2,107,2,male,floater,
2,108,2,male,floater,
2,109,2,male,floater,
2,110,2,male,floater,
2,111,2,male,floater,
2,112,2,male,floater,
2,113,2,male,floater,
2,114,2,male,floater,
2,115,2,male,floater,
2,116,2,male,floater,
2,117,2,male,floater,
2,118,2,male,floater,
2,119,2,male,floater,
2,120,2,male,floater,
2,121,2,male,floater,
2,122,2,male,floater,
2,123,2,male,floater,
2,124,2,male,floater,
2,125,2,male,floater,
2,126,2,male,floater,
2,127,2,male,floater,
2,128,2,male,floater,
2,129,2,male,floater,
2,130,2,male,floater,
2,131,2,male,floater,
2,132,2,male,floater,
2,133,2,male,floater,
2,134,2,male,floater,
2,135,2,male,floater,
2,136,2,male,floater,
2,137,2,male,floater,
2,138,2,male,floater,
2,139,2,male,floater,
2,140,2,male,floater,
2,141,2,male,floater,
2,142,2,male,floater,
2,143,2,male,floater,
2,144,2,male,floater,
2,145,2,male,floater,
2,146,2,male,floater,
2,147,2,male,floater,
2,148,2,male,floater,
2,149,2,male,floater,
2,150,2,female,floater,
2,151,2,female,floater,
2,152,2,female,floater,
2,153,2,female,floater,
2,154,2,female,floater,
2,155,2,female,floater,
2,156,2,female,floater,
2,157,2,female,floater,
2,158,2,female,floater,
2,159,2,female,floater,
2,160,2,female,floater,
2,161,2,female,floater,
2,162,2,female,floater,
2,163,2,female,floater,
2,164,2,female,floater,
2,165,2,female,floater,
2,166,2,female,floater,
2,167,2,female,floater,
2,168,2,female,floater,
2,169,2,female,floater,
2,170,2,female,floater,
2,171,2,female,floater,
2,172,2,female,floater,
2,173,2,female,floater,
2,174,2,female,floater,
2,175,2,female,floater,
2,176,2,female,floater,
2,177,2,female,floater,
2,178,2,female,floater,
2,179,2,female,floater,
2,180,2,female,primary,5.0
2,182,2,female,floater,
2,183,2,female,floater,
2,184,2,female,floater,
2,185,2,female,floater,
2,186,2,female,floater,
2,187,2,female,floater,
2,188,2,female,floater,
2,189,2,female,floater,
2,190,2,female,floater,
2,191,2,female,floater,
2,192,2,female,floater,
2,193,2,female,floater,
2,194,2,female,floater,
2,195,2,female,floater,
2,196,2,female,floater,
2,197,2,female,floater,
2,198,2,female,floater,
2,199,2,female,floater,
2,200,2,female,floater,
2,201,2,female,floater,
2,202,2,female,floater,
2,203,2,female,floater,
2,204,2,female,floater,
2,205,2,female,floater,
2,206,2,female,floater,
2,207,2,female,floater,
2,208,2,female,floater,
2,209,2,female,floater,
2,210,2,female,primary,3.0
2,211,2,female,floater,
2,212,2,female,floater,
2,213,2,female,floater,
2,215,2,female,floater,
2,216,2,female,floater,
2,217,2,female,floater,
2,218,2,female,floater,
2,219,2,female,floater,
2,220,2,female,floater,
2,221,2,female,floater,
2,222,2,female,floater,
2,223,2,female,floater,
2,224,2,female,floater,
2,225,2,female,floater,
2,226,2,female,floater,
2,227,2,female,floater,
2,229,2,female,floater,
2,230,2,female,floater,
2,231,2,female,floater,
2,232,2,female,floater,
2,233,2,female,floater,
2,234,2,female,floater,
2,235,2,female,floater,
2,236,2,female,floater,
2,237,2,female,floater,
2,238,2,female,floater,
2,239,2,female,floater,
2,240,2,female,floater,
2,241,2,female,floater,
2,242,2,female,floater,
2,243,2,female,floater,
2,244,2,female,floater,
2,245,2,female,floater,
2,246,2,female,floater,
2,247,2,female,floater,
2,248,2,female,floater,
2,249,2,female,floater,
2,250,2,female,floater,
2,251,2,female,floater,
2,252,2,female,floater,
2,253,2,female,floater,
2,254,2,female,floater,
2,256,2,female,floater,
2,257,2,female,floater,
2,258,2,female,floater,
2,259,2,female,floater,
2,260,2,female,floater,
2,261,2,female,floater,
2,262,2,female,floater,
2,263,2,female,floater,
2,264,2,female,floater,
2,265,2,female,floater,
2,266,2,female,floater,
2,267,2,female,floater,
2,268,2,female,floater,
2,269,2,female,floater,
2,270,2,female,floater,
2,271,2,female,floater,
2,272,2,female,floater,
2,273,2,female,floater,
2,274,2,female,floater,
2,275,2,female,floater,
2,276,2,female,floater,
2,277,2,female,floater,
2,278,2,female,floater,
2,279,2,female,floater,
2,280,2,female,floater,
2,281,2,female,floater,
2,282,2,female,floater,
2,283,2,female,floater,
2,284,2,female,floater,
2,285,2,female,floater,
2,286,2,female,floater,
2,287,2,female,floater,
2,288,2,female,floater,
2,289,2,female,floater,
2,290,2,female,primary,4.0
2,291,2,female,floater,
2,292,2,female,floater,
2,293,2,female,floater,
2,294,2,female,floater,
2,295,2,female,floater,
2,296,2,female,floater,
2,297,2,female,floater,
2,298,2,female,floater,
2,299,2,female,floater,
2,300,2,male,floater,
2,301,1,female,subordinate,3.0
2,302,1,male,floater,
2,303,0,female,fledgling,3.0
2,304,0,female,fledgling,3.0
2,305,0,female,fledgling,4.0
2,306,0,male,fledgling,5.0
3,0,3,male,primary,1.0
3,1,3,male,floater,
3,2,3,male,primary,3.0
3,3,3,male,primary,4.0
3,4,3,male,primary,5.0
3,6,3,male,floater,
3,7,3,male,floater,
3,8,3,male,floater,
3,9,3,male,floater,
3,10,3,male,floater,
3,11,3,male,floater,
3,12,3,male,floater,
3,13,3,male,floater,
3,14,3,male,floater,
3,15,3,male,floater,
3,16,3,male,floater,
3,17,3,male,floater,
3,18,3,male,floater,
3,19,3,male,floater,
3,20,3,male,floater,
3,21,3,male,floater,
3,22,3,male,floater,
3,23,3,male,floater,
3,24,3,male,floater,
3,25,3,male,floater,
3,26,3,male,floater,
3,27,3,male,floater,
3,28,3,male,floater,
3,29,3,male,floater,
3,30,3,male,floater,
3,31,3,male,floater,
3,33,3,male,floater,
3,35,3,male,floater,
3,36,3,male,floater,
3,37,3,male,floater,
3,39,3,male,floater,
3,40,3,male,floater,
3,41,3,male,floater,
3,42,3,male,floater,
3,43,3,male,floater,
3,44,3,male,floater,
3,45,3,male,floater,
3,46,3,male,floater,
3,47,3,male,floater,
3,48,3,male,floater,
3,49,3,male,floater,
3,50,3,male,floater,
3,51,3,male,floater,
3,52,3,male,floater,
3,53,3,male,floater,
3,54,3,male,floater,
3,55,3,male,floater,
3,56,3,male,floater,
3,57,3,male,floater,
3,58,3,male,floater,
3,60,3,male,floater,
3,61,3,male,floater,
3,62,3,male,floater,
3,63,3,male,floater,
3,64,3,male,floater,
3,65,3,male,floater,
3,66,3,male,floater,
3,67,3,male,floater,
3,69,3,male,floater,
3,70,3,male,floater,
3,71,3,male,floater,
3,72,3,male,floater,
3,73,3,male,floater,
3,74,3,male,floater,
3,75,3,male,floater,
3,76,3,male,floater,
3,77,3,male,floater,
3,78,3,male,floater,
3,80,3,male,floater,
3,81,3,male,floater,
3,82,3,male,floater,
3,83,3,male,floater,
3,84,3,male,floater,
3,85,3,male,floater,
3,86,3,male,floater,
3,87,3,male,floater,
3,88,3,male,floater,
3,89,3,male,floater,
3,90,3,male,floater,
3,91,3,male,floater,
3,92,3,male,floater,
3,93,3,male,floater,
3,94,3,male,floater,
3,95,3,male,floater,
3,96,3,male,floater,
3,97,3,male,floater,
3,98,3,male,floater,
3,99,3,male,floater,
3,100,3,male,floater,
3,101,3,male,floater,
3,102,3,male,floater,
3,103,3,male,floater,
3,104,3,male,floater,
3,105,3,male,floater,
3,106,3,male,floater,
3,107,3,male,floater,
3,108,3,male,floater,
3,109,3,male,floater,
3,110,3,male,floater,
3,111,3,male,floater,
3,112,3,male,floater,
3,113,3,male,floater,
3,114,3,male,floater,
3,115,3,male,floater,
3,116,3,male,floater,
3,117,3,male,floater,
3,118,3,male,floater,
3,119,3,male,floater,
3,120,3,male,floater,
3,121,3,male,floater,
3,122,3,male,floater,
3,123,3,male,floater,
3,124,3,male,floater,
3,125,3,male,floater,
3,126,3,male,floater,
3,127,3,male,floater,
3,128,3,male,floater,
3,129,3,male,floater,
3,130,3,male,floater,
3,131,3,male,floater,
3,132,3,male,floater,
3,133,3,male,floater,
3,134,3,male,floater,
3,135,3,male,floater,
3,136,3,male,floater,
3,137,3,male,floater,
3,138,3,male,floater,
3,139,3,male,floater,
3,140,3,male,floater,
3,141,3,male,floater,
3,142,3,male,floater,
3,143,3,male,floater,
3,144,3,male,floater,
3,145,3,male,floater,
3,146,3,male,floater,
3,147,3,male,floater,
3,148,3,male,floater,
3,150,3,female,floater,
3,151,3,female,floater,
3,152,3,female,floater,
3,153,3,female,floater,
3,154,3,female,floater,
3,155,3,female,floater,
3,156,3,female,floater,
3,157,3,female,floater,
3,158,3,female,floater,
3,159,3,female,floater,
3,160,3,female,floater,
3,161,3,female,floater,
3,162,3,female,floater,
3,163,3,female,floater,
3,164,3,female,floater,
3,165,3,female,floater,
3,166,3,female,floater,
3,167,3,female,floater,
3,168,3,female,floater,
3,169,3,female,floater,
3,170,3,female,floater,
3,171,3,female,floater,
3,172,3,female,floater,
3,173,3,female,floater,
3,174,3,female,floater,
3,175,3,female,floater,
3,176,3,female,primary,1.0
3,177,3,female,floater,
3,178,3,female,floater,
3,179,3,female,floater,
3,180,3,female,primary,5.0
3,182,3,female,floater,
3,183,3,female,floater,
3,184,3,female,floater,
3,185,3,female,floater,
3,186,3,female,floater,
3,187,3,female,floater,
3,188,3,female,floater,
3,189,3,female,floater,
3,190,3,female,floater,
3,191,3,female,floater,
3,192,3,female,floater,
3,193,3,female,floater,
3,194,3,female,floater,
3,195,3,female,floater,
3,196,3,female,floater,
3,197,3,female,floater,
3,198,3,female,floater,
3,199,3,female,floater,
3,200,3,female,floater,
3,201,3,female,floater,
3,202,3,female,floater,
3,203,3,female,floater,
3,204,3,female,floater,
3,205,3,female,floater,
3,206,3,female,floater,
3,207,3,female,floater,
3,208,3,female,floater,
3,209,3,female,floater,
3,210,3,female,primary,3.0
3,211,3,female,floater,
3,212,3,female,floater,
3,213,3,female,floater,
3,215,3,female,floater,
3,216,3,female,floater,
3,217,3,female,floater,
3,218,3,female,floater,
3,219,3,female,floater,
3,220,3,female,floater,
3,221,3,female,floater,
3,222,3,female,floater,
3,223,3,female,floater,
3,224,3,female,floater,
3,225,3,female,floater,
3,226,3,female,floater,
3,229,3,female,floater,
3,230,3,female,floater,
3,231,3,female,floater,
3,232,3,female,floater,
3,234,3,female,floater,
3,235,3,female,floater,
3,236,3,female,floater,
3,237,3,female,floater,
3,238,3,female,floater,
3,239,3,female,floater,
3,240,3,female,floater,
3,241,3,female,floater,
3,243,3,female,floater,
3,244,3,female,floater,
3,245,3,female,floater,
3,246,3,female,floater,
3,247,3,female,floater,
3,248,3,female,floater,
3,249,3,female,floater,
3,250,3,female,floater,
3,251,3,female,floater,
3,252,3,female,floater,
3,253,3,female,floater,
3,254,3,female,floater,
3,256,3,female,floater,
3,257,3,female,floater,
3,258,3,female,floater,
3,259,3,female,floater,
3,260,3,female,floater,
3,261,3,female,floater,
3,262,3,female,floater,
3,263,3,female,floater,
3,264,3,female,floater,
3,265,3,female,floater,
3,266,3,female,floater,
3,267,3,female,floater,
3,268,3,female,floater,
3,269,3,female,floater,
3,270,3,female,floater,
3,271,3,female,floater,
3,273,3,female,floater,
3,274,3,female,floater,
3,275,3,female,floater,
3,276,3,female,floater,
3,277,3,female,floater,
3,278,3,female,floater,
3,279,3,female,floater,
3,280,3,female,floater,
3,281,3,female,floater,
3,282,3,female,floater,
3,283,3,female,floater,
3,284,3,female,floater,
3,285,3,female,floater,
3,286,3,female,floater,
3,287,3,female,floater,
3,288,3,female,floater,
3,289,3,female,floater,
3,290,3,female,primary,4.0
3,291,3,female,floater,
3,292,3,female,floater,
3,293,3,female,floater,
3,294,3,female,floater,
3,295,3,female,floater,
3,296,3,female,floater,
3,297,3,female,floater,
3,298,3,female,floater,
3,299,3,female,floater,
3,300,3,male,floater,
3,301,2,female,subordinate,3.0
3,302,2,male,floater,
3,303,1,female,subordinate,3.0
3,304,1,female,subordinate,3.0
3,305,1,female,subordinate,4.0
3,306,1,male,subordinate,5.0
3,307,0,female,fledgling,1.0
3,308,0,male,fledgling,3.0
3,309,0,female,fledgling,3.0
3,310,0,male,fledgling,3.0
3,311,0,female,fledgling,3.0
3,312,0,male,fledgling,4.0
3,313,0,male,fledgling,4.0
3,314,0,male,fledgling,5.0
4,0,4,male,primary,1.0
4,1,4,male,floater,
4,3,4,male,primary,4.0
4,4,4,male,primary,5.0
4,6,4,male,floater,
4,7,4,male,floater,
4,8,4,male,floater,
4,9,4,male,floater,
4,10,4,male,floater,
4,11,4,male,floater,
4,12,4,male,floater,
4,13,4,male,floater,
4,14,4,male,floater,
4,15,4,male,floater,
4,16,4,male,floater,
4,17,4,male,floater,
4,18,4,male,floater,
4,19,4,male,floater,
4,20,4,male,floater,
4,21,4,male,floater,
4,22,4,male,floater,
4,23,4,male,floater,
4,24,4,male,floater,
4,25,4,male,floater,
4,26,4,male,floater,
4,27,4,male,floater,
4,28,4,male,floater,
4,29,4,male,floater,
4,30,4,male,floater,
4,31,4,male,floater,
4,33,4,male,floater,
4,35,4,male,floater,
4,36,4,male,floater,
4,37,4,male,floater,
4,39,4,male,floater,
4,40,4,male,floater,
4,41,4,male,floater,
4,42,4,male,floater,
4,43,4,male,floater,
4,44,4,male,floater,
4,45,4,male,floater,
4,46,4,male,floater,
4,47,4,male,floater,
4,48,4,male,floater,
4,49,4,male,floater,
4,50,4,male,floater,
4,51,4,male,floater,
4,52,4,male,floater,
4,53,4,male,floater,
4,54,4,male,floater,
4,55,4,male,floater,
4,56,4,male,floater,
4,57,4,male,floater,
4,58,4,male,floater,
4,60,4,male,floater,
4,61,4,male,floater,
4,62,4,male,floater,
4,63,4,male,floater,
4,64,4,male,floater,
4,65,4,male,floater,
4,66,4,male,floater,
4,67,4,male,floater,
4,69,4,male,floater,
4,70,4,male,floater,
4,71,4,male,floater,
4,72,4,male,floater,
4,73,4,male,floater,
4,74,4,male,floater,
4,75,4,male,floater,
4,76,4,male,floater,
4,77,4,male,floater,
4,78,4,male,floater,
4,80,4,male,floater,
4,81,4,male,floater,
4,82,4,male,floater,
4,83,4,male,floater,
4,85,4,male,floater,
4,86,4,male,floater,
4,87,4,male,floater,
4,88,4,male,floater,
4,89,4,male,floater,
4,90,4,male,floater,
4,91,4,male,floater,
4,92,4,male,floater,
4,93,4,male,floater,
4,94,4,male,floater,
4,95,4,male,floater,
4,96,4,male,floater,
4,97,4,male,floater,
4,98,4,male,floater,
4,99,4,male,floater,
4,100,4,male,floater,
4,101,4,male,floater,
4,102,4,male,floater,
4,103,4,male,floater,
4,104,4,male,floater,
4,105,4,male,floater,
4,106,4,male,floater,
4,107,4,male,floater,
4,108,4,male,floater,
4,109,4,male,floater,
4,111,4,male,floater,
4,112,4,male,floater,
4,113,4,male,floater,
4,114,4,male,floater,
4,115,4,male,floater,
4,116,4,male,floater,
4,117,4,male,floater,
4,118,4,male,floater,
4,119,4,male,floater,
4,120,4,male,floater,
4,121,4,male,floater,
4,123,4,male,floater,
4,124,4,male,floater,
4,125,4,male,floater,
4,126,4,male,floater,
4,127,4,male,floater,
4,128,4,male,floater,
4,129,4,male,floater,
4,130,4,male,floater,
4,131,4,male,floater,
4,132,4,male,floater,
4,133,4,male,floater,
4,134,4,male,floater,
4,135,4,male,floater,
4,136,4,male,floater,
4,137,4,male,floater,
4,138,4,male,floater,
4,139,4,male,floater,
4,140,4,male,floater,
4,141,4,male,floater,
4,142,4,male,floater,
4,143,4,male,floater,
4,144,4,male,floater,
4,145,4,male,floater,
4,146,4,male,floater,
4,147,4,male,floater,
4,148,4,male,floater,
4,150,4,female,floater,
4,151,4,female,floater,
4,152,4,female,floater,
4,153,4,female,floater,
4,154,4,female,floater,
4,155,4,female,floater,
4,156,4,female,floater,
4,157,4,female,floater,
4,158,4,female,floater,
4,159,4,female,floater,
4,160,4,female,floater,
4,161,4,female,floater,
4,162,4,female,floater,
4,163,4,female,floater,
4,164,4,female,floater,
4,165,4,female,floater,
4,166,4,female,floater,
4,167,4,female,floater,
4,168,4,female,floater,
4,169,4,female,floater,
4,170,4,female,floater,
4,171,4,female,floater,
4,172,4,female,floater,
4,173,4,female,floater,
4,174,4,female,floater,
4,175,4,female,floater,
4,176,4,female,primary,1.0
4,177,4,female,floater,
4,178,4,female,floater,
4,179,4,female,floater,
4,180,4,female,primary,5.0
4,182,4,female,floater,
4,183,4,female,floater,
4,184,4,female,floater,
4,185,4,female,floater,
4,186,4,female,floater,
4,187,4,female,floater,
4,188,4,female,floater,
4,189,4,female,floater,
4,190,4,female,floater,
4,191,4,female,floater,
4,192,4,female,floater,
4,193,4,female,floater,
4,194,4,female,floater,
4,195,4,female,floater,
4,196,4,female,floater,
4,197,4,female,floater,
4,198,4,female,floater,
4,199,4,female,floater,
4,200,4,female,floater,
4,201,4,female,floater,
4,202,4,female,floater,
4,203,4,female,floater,
4,204,4,female,floater,
4,205,4,female,floater,
4,206,4,female,floater,
4,207,4,female,floater,
4,208,4,female,floater,
4,209,4,female,floater,
4,210,4,female,primary,3.0
4,211,4,female,floater,
4,212,4,female,floater,
4,213,4,female,floater,
4,215,4,female,floater,
4,216,4,female,floater,
4,217,4,female,floater,
4,218,4,female,floater,
4,219,4,female,floater,
4,220,4,female,floater,
4,221,4,female,floater,
4,222,4,female,floater,
4,223,4,female,floater,
4,224,4,female,floater,
4,225,4,female,floater,
4,226,4,female,floater,
4,229,4,female,floater,
4,230,4,female,floater,
4,231,4,female,floater,
4,232,4,female,floater,
4,234,4,female,floater,
4,235,4,female,floater,
4,236,4,female,floater,
4,237,4,female,floater,
4,238,4,female,floater,
4,239,4,female,floater,
4,240,4,female,floater,
4,241,4,female,floater,
4,243,4,female,floater,
4,244,4,female,floater,
4,245,4,female,floater,
4,246,4,female,floater,
4,247,4,female,floater,
4,248,4,female,floater,
4,249,4,female,floater,
4,250,4,female,floater,
4,251,4,female,floater,
4,253,4,female,floater,
4,254,4,female,floater,
4,256,4,female,floater,
4,257,4,female,floater,
4,258,4,female,floater,
4,259,4,female,floater,
4,260,4,female,floater,
4,261,4,female,floater,
4,262,4,female,floater,
4,263,4,female,floater,
4,264,4,female,floater,
4,265,4,female,floater,
4,266,4,female,floater,
4,267,4,female,floater,
4,268,4,female,floater,
4,269,4,female,floater,
4,270,4,female,floater,
4,271,4,female,floater,
4,273,4,female,floater,
4,274,4,female,floater,
4,275,4,female,floater,
4,276,4,female,floater,
4,277,4,female,floater,
4,278,4,female,floater,
4,279,4,female,floater,
4,280,4,female,floater,
4,281,4,female,floater,
4,282,4,female,floater,
4,283,4,female,floater,
4,284,4,female,floater,
4,285,4,female,floater,
4,286,4,female,floater,
4,287,4,female,floater,
4,288,4,female,floater,
4,289,4,female,floater,
4,290,4,female,primary,4.0
4,291,4,female,floater,
4,292,4,female,floater,
4,293,4,female,floater,
4,294,4,female,floater,
4,295,4,female,floater,
4,296,4,female,floater,
4,297,4,female,floater,
4,298,4,female,floater,
4,299,4,female,floater,
4,300,4,male,floater,
4,302,3,male,floater,
4,303,2,female,subordinate,3.0
4,304,2,female,subordinate,3.0
4,306,2,male,subordinate,5.0
4,307,1,female,subordinate,1.0
4,309,1,female,subordinate,3.0
4,310,1,male,subordinate,3.0
4,312,1,male,floater,
4,313,1,male,subordinate,4.0
4,314,1,male,subordinate,5.0
4,315,0,male,fledgling,1.0
4,316,0,female,fledgling,3.0
4,317,0,male,fledgling,3.0
4,318,0,male,fledgling,3.0
4,319,0,male,fledgling,3.0
4,320,0,female,fledgling,3.0
4,321,0,male,fledgling,3.0
4,322,0,female,fledgling,4.0
4,323,0,female,fledgling,4.0
4,324,0,male,fledgling,5.0
5,0,5,male,primary,1.0
5,3,5,male,primary,4.0
5,4,5,male,primary,5.0
5,6,5,male,floater,
5,7,5,male,floater,
5,8,5,male,floater,
5,9,5,male,floater,
5,10,5,male,floater,
5,11,5,male,floater,
5,12,5,male,floater,
5,13,5,male,floater,
5,14,5,male,floater,
5,15,5,male,floater,
5,16,5,male,floater,
5,17,5,male,floater,
5,18,5,male,floater,
5,19,5,male,floater,
5,20,5,male,floater,
5,21,5,male,floater,
5,22,5,male,floater,
5,23,5,male,floater,
5,24,5,male,floater,
5,25,5,male,floater,
5,26,5,male,floater,
5,27,5,male,floater,
5,28,5,male,floater,
5,29,5,male,floater,
5,30,5,male,floater,
5,31,5,male,floater,
5,33,5,male,floater,
5,35,5,male,floater,
5,36,5,male,floater,
5,37,5,male,floater,
5,39,5,male,floater,
5,40,5,male,floater,
5,41,5,male,floater,
5,42,5,male,floater,
5,43,5,male,floater,
5,44,5,male,floater,
5,45,5,male,floater,
5,46,5,male,floater,
5,47,5,male,floater,
5,48,5,male,floater,
5,49,5,male,floater,
5,50,5,male,floater,
5,51,5,male,floater,
5,52,5,male,floater,
5,53,5,male,floater,
5,54,5,male,floater,
5,55,5,male,floater,
5,56,5,male,floater,
5,57,5,male,floater,
5,58,5,male,floater,
5,60,5,male,floater,
5,61,5,male,floater,
5,62,5,male,floater,
5,63,5,male,floater,
5,64,5,male,floater,
5,65,5,male,floater,
5,66,5,male,floater,
5,67,5,male,floater,
5,69,5,male,floater,
5,70,5,male,floater,
5,71,5,male,floater,
5,72,5,male,floater,
5,73,5,male,floater,
5,74,5,male,floater,
5,75,5,male,floater,
5,76,5,male,floater,
5,77,5,male,floater,
5,78,5,male,floater,
5,80,5,male,floater,
5,81,5,male,floater,
5,82,5,male,floater,
5,83,5,male,floater,
5,85,5,male,floater,
5,86,5,male,floater,
5,87,5,male,floater,
5,88,5,male,floater,
5,89,5,male,floater,
5,90,5,male,floater,
5,91,5,male,floater,
5,92,5,male,floater,
5,93,5,male,floater,
5,94,5,male,floater,
5,95,5,male,floater,
5,96,5,male,floater,
5,97,5,male,floater,
5,98,5,male,floater,
5,99,5,male,floater,
5,100,5,male,floater,
5,101,5,male,floater,
5,102,5,male,floater,
5,103,5,male,floater,
5,104,5,male,floater,
5,105,5,male,floater,
5,106,5,male,floater,
5,107,5,male,floater,
5,108,5,male,floater,
5,109,5,male,floater,
5,111,5,male,floater,
5,112,5,male,floater,
5,113,5,male,floater,
5,114,5,male,floater,
5,115,5,male,floater,
5,116,5,male,floater,
5,117,5,male,floater,
5,119,5,male,floater,
5,120,5,male,floater,
5,121,5,male,floater,
5,123,5,male,floater,
5,124,5,male,floater,
5,125,5,male,floater,
5,126,5,male,floater,
5,127,5,male,floater,
5,128,5,male,floater,
5,129,5,male,floater,
5,130,5,male,floater,
5,133,5,male,floater,
5,134,5,male,floater,
5,135,5,male,floater,
5,136,5,male,floater,
5,137,5,male,floater,
5,138,5,male,floater,
5,139,5,male,floater,
5,140,5,male,floater,
5,141,5,male,floater,
5,142,5,male,floater,
5,143,5,male,floater,
5,144,5,male,floater,
5,145,5,male,floater,
5,146,5,male,floater,
5,147,5,male,floater,
5,148,5,male,floater,
5,150,5,female,floater,
5,151,5,female,floater,
5,153,5,female,floater,
5,154,5,female,floater,
5,155,5,female,floater,
5,156,5,female,floater,
5,157,5,female,floater,
5,158,5,female,floater,
5,159,5,female,floater,
5,160,5,female,floater,
5,161,5,female,floater,
5,162,5,female,floater,
5,163,5,female,floater,
5,164,5,female,floater,
5,165,5,female,floater,
5,166,5,female,floater,
5,167,5,female,floater,
5,168,5,female,floater,
5,169,5,female,floater,
5,170,5,female,floater,
5,171,5,female,floater,
5,172,5,female,floater,
5,173,5,female,floater,
5,174,5,female,floater,
5,175,5,female,floater,
5,176,5,female,primary,1.0
5,177,5,female,floater,
5,178,5,female,floater,
5,179,5,female,floater,
5,180,5,female,primary,5.0
5,182,5,female,floater,
5,183,5,female,floater,
5,184,5,female,floater,
5,185,5,female,floater,
5,186,5,female,floater,
5,187,5,female,floater,
5,188,5,female,floater,
5,189,5,female,floater,
5,190,5,female,floater,
5,191,5,female,floater,
5,192,5,female,floater,
5,193,5,female,floater,
5,194,5,female,floater,
5,195,5,female,floater,
5,196,5,female,floater,
5,197,5,female,floater,
5,198,5,female,floater,
5,200,5,female,floater,
5,201,5,female,floater,
5,202,5,female,floater,
5,203,5,female,floater,
5,204,5,female,floater,
5,205,5,female,floater,
5,206,5,female,floater,
5,207,5,female,floater,
5,208,5,female,floater,
5,209,5,female,floater,
5,211,5,female,floater,
5,212,5,female,floater,
5,213,5,female,floater,
5,215,5,female,floater,
5,216,5,female,floater,
5,217,5,female,floater,
5,218,5,female,floater,
5,219,5,female,floater,
5,220,5,female,floater,
5,221,5,female,floater,
5,222,5,female,floater,
5,223,5,female,floater,
5,224,5,female,floater,
5,225,5,female,floater,
5,226,5,female,floater,
5,229,5,female,floater,
5,230,5,female,floater,
5,231,5,female,floater,
5,232,5,female,floater,
5,234,5,female,floater,
5,235,5,female,floater,
5,236,5,female,floater,
5,237,5,female,floater,
5,238,5,female,floater,
5,239,5,female,floater,
5,240,5,female,floater,
5,241,5,female,floater,
5,243,5,female,floater,
5,244,5,female,floater,
5,245,5,female,floater,
5,246,5,female,floater,
5,247,5,female,floater,
5,248,5,female,floater,
5,249,5,female,floater,
5,250,5,female,floater,
5,251,5,female,floater,
5,253,5,female,floater,
5,254,5,female,floater,
5,256,5,female,floater,
5,257,5,female,floater,
5,258,5,female,floater,
5,259,5,female,floater,
5,260,5,female,floater,
5,261,5,female,floater,
5,262,5,female,floater,
5,263,5,female,floater,
5,264,5,female,floater,
5,265,5,female,floater,
5,266,5,female,floater,
5,267,5,female,floater,
5,268,5,female,floater,
5,269,5,female,floater,
5,270,5,female,floater,
5,271,5,female,floater,
5,273,5,female,floater,
5,274,5,female,floater,
5,275,5,female,floater,
5,276,5,female,floater,
5,277,5,female,floater,
5,278,5,female,floater,
5,279,5,female,floater,
5,280,5,female,floater,
5,281,5,female,floater,
5,282,5,female,floater,
5,283,5,female,floater,
5,284,5,female,floater,
5,285,5,female,floater,
5,286,5,female,floater,
5,287,5,female,floater,
5,288,5,female,floater,
5,289,5,female,floater,
5,290,5,female,primary,4.0
5,291,5,female,floater,
5,292,5,female,floater,
5,293,5,female,floater,
5,294,5,female,floater,
5,295,5,female,floater,
5,296,5,female,floater,
5,297,5,female,floater,
5,299,5,female,floater,
5,300,5,male,floater,
5,302,4,male,floater,
5,304,3,female,subordinate,3.0
5,306,3,male,subordinate,5.0
5,307,2,female,floater,
5,310,2,male,subordinate,3.0
5,312,2,male,floater,
5,313,2,male,subordinate,4.0
5,314,2,male,subordinate,5.0
5,315,1,male,floater,
5,316,1,female,floater,
5,317,1,male,floater,
5,318,1,male,floater,
5,319,1,male,floater,
5,320,1,female,floater,
5,321,1,male,floater,
5,322,1,female,subordinate,4.0
5,323,1,female,subordinate,4.0
5,324,1,male,subordinate,5.0
5,325,0,male,fledgling,1.0
5,326,0,female,fledgling,3.0
5,327,0,female,fledgling,3.0
5,328,0,male,fledgling,3.0
5,329,0,female,fledgling,3.0
5,330,0,female,fledgling,4.0
5,331,0,female,fledgling,4.0
5,332,0,female,fledgling,4.0
5,333,0,male,fledgling,5.0
6,0,6,male,primary,1.0
6,3,6,male,primary,4.0
6,4,6,male,primary,5.0
6,6,6,male,floater,
6,7,6,male,floater,
6,8,6,male,floater,
6,9,6,male,floater,
6,10,6,male,floater,
6,11,6,male,floater,
6,12,6,male,floater,
6,13,6,male,floater,
6,14,6,male,floater,
6,15,6,male,floater,
6,16,6,male,floater,
6,17,6,male,floater,
6,18,6,male,floater,
6,19,6,male,floater,
6,20,6,male,floater,
6,21,6,male,floater,
6,22,6,male,floater,
6,23,6,male,floater,
6,24,6,male,floater,
6,25,6,male,floater,
6,26,6,male,floater,
6,27,6,male,floater,
6,28,6,male,floater,
6,29,6,male,floater,
6,30,6,male,floater,
6,31,6,male,floater,
6,33,6,male,floater,
6,35,6,male,floater,
6,36,6,male,floater,
6,37,6,male,floater,
6,39,6,male,floater,
6,40,6,male,floater,
6,41,6,male,floater,
6,42,6,male,floater,
6,43,6,male,floater,
6,44,6,male,floater,
6,45,6,male,floater,
6,46,6,male,floater,
6,47,6,male,floater,
6,48,6,male,floater,
6,49,6,male,floater,
6,50,6,male,floater,
6,51,6,male,floater,
6,52,6,male,floater,
6,53,6,male,floater,
6,54,6,male,floater,
6,55,6,male,floater,
6,56,6,male,floater,
6,57,6,male,floater,
6,58,6,male,floater,
6,60,6,male,floater,
6,61,6,male,floater,
6,62,6,male,floater,
6,63,6,male,floater,
6,64,6,male,floater,
6,65,6,male,floater,
6,66,6,male,floater,
6,67,6,male,floater,
6,69,6,male,floater,
6,70,6,male,floater,
6,71,6,male,floater,
6,72,6,male,floater,
6,73,6,male,floater,
6,74,6,male,floater,
6,75,6,male,floater,
6,76,6,male,floater,
6,77,6,male,floater,
6,78,6,male,floater,
6,80,6,male,floater,
6,81,6,male,floater,
6,82,6,male,floater,
6,83,6,male,floater,
6,85,6,male,floater,
6,86,6,male,floater,
6,87,6,male,floater,
6,88,6,male,floater,
6,89,6,male,floater,
6,90,6,male,floater,
6,91,6,male,floater,
6,92,6,male,floater,
6,93,6,male,floater,
6,94,6,male,floater,
6,95,6,male,floater,
6,96,6,male,floater,
6,97,6,male,floater,
6,98,6,male,floater,
6,99,6,male,floater,
6,100,6,male,floater,
6,101,6,male,floater,
6,102,6,male,floater,
6,103,6,male,floater,
6,104,6,male,floater,
6,105,6,male,floater,
6,106,6,male,floater,
6,107,6,male,floater,
6,108,6,male,floater,
6,109,6,male,floater,
6,111,6,male,floater,
6,112,6,male,floater,
6,113,6,male,floater,
6,114,6,male,floater,
6,115,6,male,floater,
6,116,6,male,floater,
6,117,6,male,floater,
6,119,6,male,floater,
6,120,6,male,floater,
6,121,6,male,floater,
6,123,6,male,floater,
6,124,6,male,floater,
6,125,6,male,floater,
6,126,6,male,floater,
6,127,6,male,floater,
6,128,6,male,floater,
6,129,6,male,floater,
6,130,6,male,floater,
6,133,6,male,floater,
6,134,6,male,floater,
6,135,6,male,floater,
6,136,6,male,floater,
6,137,6,male,floater,
6,138,6,male,floater,
6,139,6,male,floater,
6,140,6,male,floater,
6,141,6,male,floater,
6,142,6,male,floater,
6,143,6,male,floater,
6,144,6,male,floater,
6,145,6,male,floater,
6,146,6,male,floater,
6,147,6,male,floater,
6,148,6,male,floater,
6,150,6,female,floater,
6,151,6,female,floater,
6,153,6,female,floater,
6,154,6,female,floater,
6,155,6,female,floater,
6,156,6,female,floater,
6,157,6,female,floater,
6,158,6,female,floater,
6,159,6,female,floater,
6,160,6,female,floater,
6,161,6,female,floater,
6,162,6,female,floater,
6,163,6,female,floater,
6,164,6,female,floater,
6,165,6,female,floater,
6,166,6,female,floater,
6,167,6,female,floater,
6,168,6,female,floater,
6,169,6,female,floater,
6,170,6,female,floater,
6,171,6,female,floater,
6,172,6,female,floater,
6,173,6,female,floater,
6,174,6,female,floater,
6,175,6,female,floater,
6,176,6,female,primary,1.0
6,177,6,female,floater,
6,178,6,female,floater,
6,179,6,female,floater,
6,180,6,female,primary,5.0
6,182,6,female,floater,
6,183,6,female,floater,
6,184,6,female,floater,
6,185,6,female,floater,
6,186,6,female,floater,
6,187,6,female,floater,
6,188,6,female,floater,
6,189,6,female,floater,
6,190,6,female,floater,
6,191,6,female,floater,
6,192,6,female,floater,
6,193,6,female,floater,
6,194,6,female,floater,
6,195,6,female,floater,
6,196,6,female,floater,
6,197,6,female,floater,
6,198,6,female,floater,
6,200,6,female,floater,
6,201,6,female,floater,
6,202,6,female,floater,
6,203,6,female,floater,
6,204,6,female,floater,
6,205,6,female,floater,
6,206,6,female,floater,
6,207,6,female,floater,
6,208,6,female,floater,
6,209,6,female,floater,
6,211,6,female,floater,
6,212,6,female,floater,
6,213,6,female,floater,
6,215,6,female,floater,
6,216,6,female,floater,
6,217,6,female,floater,
6,218,6,female,floater,
6,219,6,female,floater,
6,220,6,female,floater,
6,221,6,female,floater,
6,222,6,female,floater,
6,223,6,female,floater,
6,224,6,female,floater,
6,225,6,female,floater,
6,226,6,female,floater,
6,229,6,female,floater,
6,230,6,female,floater,
6,231,6,female,floater,
6,232,6,female,floater,
6,234,6,female,floater,
6,235,6,female,floater,
6,236,6,female,floater,
6,237,6,female,floater,
6,238,6,female,floater,
6,239,6,female,floater,
6,240,6,female,floater,
6,241,6,female,floater,
6,243,6,female,floater,
6,244,6,female,floater,
6,245,6,female,floater,
6,246,6,female,floater,
6,247,6,female,floater,
6,248,6,female,floater,
6,249,6,female,floater,
6,250,6,female,floater,
6,251,6,female,floater,
6,253,6,female,floater,
6,254,6,female,floater,
6,256,6,female,floater,
6,257,6,female,floater,
6,258,6,female,floater,
6,259,6,female,floater,
6,260,6,female,floater,
6,261,6,female,floater,
6,262,6,female,floater,
6,263,6,female,floater,
6,264,6,female,floater,
6,265,6,female,floater,
6,266,6,female,floater,
6,267,6,female,floater,
6,268,6,female,floater,
6,269,6,female,floater,
6,270,6,female,floater,
6,271,6,female,floater,
6,273,6,female,floater,
6,274,6,female,floater,
6,275,6,female,floater,
6,276,6,female,floater,
6,277,6,female,floater,
6,278,6,female,floater,
6,279,6,female,floater,
6,280,6,female,floater,
6,281,6,female,floater,
6,282,6,female,floater,
6,283,6,female,floater,
6,284,6,female,floater,
6,285,6,female,floater,
6,286,6,female,floater,
6,287,6,female,floater,
6,288,6,female,floater,
6,289,6,female,floater,
6,291,6,female,floater,
6,292,6,female,floater,
6,293,6,female,floater,
6,294,6,female,floater,
6,295,6,female,floater,
6,296,6,female,floater,
6,297,6,female,floater,
6,299,6,female,floater,
6,300,6,male,floater,
6,302,5,male,floater,
6,304,4,female,floater,
6,307,3,female,floater,
6,310,3,male,floater,
6,312,3,male,floater,
6,313,3,male,subordinate,4.0
6,314,3,male,subordinate,5.0
6,315,2,male,floater,
6,316,2,female,floater,
6,317,2,male,floater,
6,318,2,male,floater,
6,319,2,male,floater,
6,320,2,female,floater,
6,321,2,male,floater,
6,324,2,male,subordinate,5.0
6,325,1,male,subordinate,1.0
6,326,1,female,floater,
6,327,1,female,floater,
6,328,1,male,floater,
6,329,1,female,floater,
6,332,1,female,subordinate,4.0
6,333,1,male,subordinate,5.0
6,334,0,male,fledgling,1.0
6,335,0,male,fledgling,4.0
6,336,0,female,fledgling,4.0
6,337,0,male,fledgling,4.0
6,338,0,female,fledgling,4.0
6,339,0,female,fledgling,4.0
6,340,0,male,fledgling,4.0
6,341,0,male,fledgling,5.0
7,0,7,male,primary,1.0
7,3,7,male,primary,4.0
7,4,7,male,primary,5.0
7,6,7,male,floater,
7,7,7,male,primary,7.0
7,8,7,male,floater,
7,9,7,male,floater,
7,10,7,male,floater,
7,11,7,male,floater,
7,12,7,male,floater,
7,13,7,male,floater,
7,14,7,male,floater,
7,15,7,male,floater,
7,16,7,male,floater,
7,17,7,male,floater,
7,18,7,male,floater,
7,19,7,male,floater,
7,20,7,male,floater,
7,21,7,male,floater,
7,22,7,male,floater,
7,23,7,male,floater,
7,24,7,male,floater,
7,25,7,male,floater,
7,26,7,male,floater,
7,27,7,male,floater,
7,28,7,male,floater,
7,29,7,male,floater,
7,30,7,male,floater,
7,31,7,male,floater,
7,33,7,male,floater,
7,35,7,male,floater,
7,36,7,male,floater,
7,37,7,male,floater,
7,39,7,male,floater,
7,41,7,male,floater,
7,42,7,male,floater,
7,43,7,male,floater,
7,44,7,male,floater,
7,45,7,male,floater,
7,46,7,male,floater,
7,47,7,male,floater,
7,48,7,male,floater,
7,49,7,male,floater,
7,50,7,male,floater,
7,51,7,male,floater,
7,52,7,male,floater,
7,53,7,male,floater,
7,54,7,male,floater,
7,55,7,male,floater,
7,56,7,male,floater,
7,57,7,male,floater,
7,58,7,male,floater,
7,60,7,male,floater,
7,61,7,male,floater,
7,62,7,male,floater,
7,63,7,male,floater,
7,64,7,male,floater,
7,65,7,male,floater,
7,66,7,male,floater,
7,67,7,male,floater,
7,69,7,male,floater,
7,70,7,male,floater,
7,71,7,male,floater,
7,73,7,male,floater,
7,74,7,male,floater,
7,75,7,male,floater,
7,76,7,male,floater,
7,77,7,male,floater,
7,78,7,male,floater,
7,80,7,male,floater,
7,81,7,male,floater,
7,82,7,male,floater,
7,83,7,male,floater,
7,85,7,male,floater,
7,86,7,male,floater,
7,87,7,male,floater,
7,88,7,male,floater,
7,89,7,male,floater,
7,90,7,male,floater,
7,91,7,male,floater,
7,92,7,male,floater,
7,93,7,male,floater,
7,94,7,male,floater,
7,95,7,male,floater,
7,96,7,male,floater,
7,97,7,male,floater,
7,98,7,male,floater,
7,99,7,male,floater,
7,100,7,male,floater,
7,101,7,male,floater,
7,102,7,male,floater,
7,103,7,male,floater,
7,104,7,male,floater,
7,105,7,male,floater,
7,106,7,male,floater,
7,107,7,male,floater,
7,108,7,male,floater,
7,109,7,male,floater,
7,111,7,male,floater,
7,112,7,male,floater,
7,113,7,male,floater,
7,114,7,male,floater,
7,115,7,male,floater,
7,116,7,male,floater,
7,117,7,male,floater,
7,119,7,male,floater,
7,120,7,male,floater,
7,121,7,male,floater,
7,123,7,male,floater,
7,124,7,male,floater,
7,125,7,male,floater,
7,126,7,male,floater,
7,127,7,male,floater,
7,128,7,male,floater,
7,129,7,male,floater,
7,130,7,male,floater,
7,133,7,male,floater,
7,134,7,male,floater,
7,135,7,male,floater,
7,136,7,male,floater,
7,137,7,male,floater,
7,138,7,male,floater,
7,139,7,male,floater,
7,140,7,male,floater,
7,141,7,male,floater,
7,142,7,male,floater,
7,143,7,male,floater,
7,144,7,male,floater,
7,146,7,male,floater,
7,147,7,male,floater,
7,148,7,male,floater,
7,150,7,female,floater,
7,151,7,female,floater,
7,153,7,female,floater,
7,154,7,female,floater,
7,155,7,female,floater,
7,156,7,female,floater,
7,157,7,female,floater,
7,158,7,female,floater,
7,159,7,female,floater,
7,160,7,female,floater,
7,161,7,female,floater,
7,163,7,female,floater,
7,164,7,female,floater,
7,166,7,female,primary,7.0
7,167,7,female,floater,
7,169,7,female,floater,
7,170,7,female,floater,
7,171,7,female,floater,
7,172,7,female,floater,
7,173,7,female,floater,
7,174,7,female,floater,
7,175,7,female,floater,
7,176,7,female,primary,1.0
7,177,7,female,floater,
7,178,7,female,floater,
7,179,7,female,floater,
7,180,7,female,primary,5.0
7,182,7,female,floater,
7,183,7,female,floater,
7,184,7,female,floater,
7,185,7,female,floater,
7,186,7,female,floater,
7,187,7,female,floater,
7,189,7,female,floater,
7,190,7,female,floater,
7,191,7,female,floater,
7,192,7,female,floater,
7,193,7,female,floater,
7,194,7,female,floater,
7,195,7,female,floater,
7,196,7,female,floater,
7,197,7,female,floater,
7,198,7,female,floater,
7,200,7,female,floater,
7,201,7,female,floater,
7,202,7,female,floater,
7,203,7,female,floater,
7,204,7,female,floater,
7,205,7,female,floater,
7,206,7,female,floater,
7,207,7,female,floater,
7,208,7,female,floater,
7,209,7,female,floater,
7,211,7,female,floater,
7,212,7,female,floater,
7,213,7,female,floater,
7,215,7,female,floater,
7,216,7,female,floater,
7,217,7,female,floater,
7,218,7,female,floater,
7,219,7,female,floater,
7,220,7,female,floater,
7,221,7,female,floater,
7,222,7,female,floater,
7,223,7,female,floater,
7,224,7,female,floater,
7,225,7,female,floater,
7,226,7,female,floater,
7,229,7,female,floater,
7,230,7,female,floater,
7,231,7,female,floater,
7,232,7,female,floater,
7,234,7,female,floater,
7,235,7,female,floater,
7,236,7,female,floater,
7,237,7,female,floater,
7,238,7,female,floater,
7,239,7,female,floater,
7,240,7,female,floater,
7,241,7,female,floater,
7,243,7,female,floater,
7,244,7,female,floater,
7,245,7,female,floater,
7,246,7,female,floater,
7,247,7,female,floater,
7,248,7,female,floater,
7,249,7,female,floater,
7,250,7,female,floater,
7,251,7,female,floater,
7,254,7,female,floater,
7,256,7,female,floater,
7,257,7,female,floater,
7,258,7,female,floater,
7,259,7,female,floater,
7,260,7,female,floater,
7,261,7,female,floater,
7,262,7,female,floater,
7,263,7,female,floater,
7,264,7,female,floater,
7,265,7,female,floater,
7,266,7,female,floater,
7,267,7,female,floater,
7,268,7,female,floater,
7,269,7,female,floater,
7,270,7,female,floater,
7,271,7,female,floater,
7,273,7,female,floater,
7,274,7,female,floater,
7,275,7,female,floater,
7,276,7,female,floater,
7,278,7,female,floater,
7,279,7,female,floater,
7,280,7,female,floater,
7,281,7,female,floater,
7,282,7,female,floater,
7,283,7,female,floater,
7,284,7,female,floater,
7,285,7,female,floater,
7,286,7,female,floater,
7,287,7,female,floater,
7,288,7,female,floater,
7,289,7,female,floater,
7,291,7,female,floater,
7,292,7,female,floater,
7,293,7,female,floater,
7,294,7,female,floater,
7,295,7,female,floater,
7,296,7,female,floater,
7,297,7,female,floater,
7,299,7,female,floater,
7,300,7,male,floater,
7,302,6,male,floater,
7,304,5,female,floater,
7,307,4,female,floater,
7,310,4,male,floater,
7,312,4,male,floater,
7,313,4,male,subordinate,4.0
7,314,4,male,subordinate,5.0
7,315,3,male,floater,
7,316,3,female,floater,
7,317,3,male,floater,
7,318,3,male,floater,
7,319,3,male,floater,
7,320,3,female,floater,
7,321,3,male,floater,
7,324,3,male,subordinate,5.0
7,325,2,male,floater,
7,326,2,female,floater,
7,327,2,female,floater,
7,328,2,male,floater,
7,329,2,female,floater,
7,332,2,female,primary,4.0
7,333,2,male,subordinate,5.0
7,334,1,male,subordinate,1.0
7,335,1,male,floater,
7,336,1,female,floater,
7,337,1,male,floater,
7,338,1,female,floater,
7,339,1,female,floater,
7,340,1,male,floater,
7,341,1,male,floater,
7,342,0,female,fledgling,1.0
7,343,0,female,fledgling,4.0
7,344,0,male,fledgling,5.0
7,345,0,male,fledgling,7.0
8,0,8,male,primary,1.0
8,6,8,male,floater,
8,7,8,male,primary,7.0
8,8,8,male,floater,
8,9,8,male,floater,
8,10,8,male,floater,
8,11,8,male,floater,
8,13,8,male,floater,
8,14,8,male,floater,
8,15,8,male,floater,
8,16,8,male,floater,
8,17,8,male,floater,
8,18,8,male,floater,
8,19,8,male,floater,
8,20,8,male,floater,
8,21,8,male,floater,
8,22,8,male,floater,
8,23,8,male,floater,
8,24,8,male,floater,
8,25,8,male,floater,
8,26,8,male,floater,
8,27,8,male,floater,
8,28,8,male,floater,
8,29,8,male,floater,
8,30,8,male,floater,
8,31,8,male,floater,
8,33,8,male,floater,
8,35,8,male,floater,
8,36,8,male,floater,
8,37,8,male,floater,
8,39,8,male,floater,
8,41,8,male,floater,
8,42,8,male,floater,
8,43,8,male,floater,
8,44,8,male,floater,
8,45,8,male,floater,
8,46,8,male,floater,
8,47,8,male,floater,
8,48,8,male,floater,
8,49,8,male,floater,
8,50,8,male,floater,
8,51,8,male,floater,
8,52,8,male,floater,
8,53,8,male,floater,
8,54,8,male,floater,
8,55,8,male,floater,
8,56,8,male,floater,
8,57,8,male,floater,
8,58,8,male,floater,
8,60,8,male,floater,
8,61,8,male,floater,
8,62,8,male,floater,
8,63,8,male,floater,
8,64,8,male,floater,
8,65,8,male,floater,
8,66,8,male,floater,
8,67,8,male,floater,
8,69,8,male,floater,
8,70,8,male,floater,
8,73,8,male,floater,
8,74,8,male,floater,
8,75,8,male,floater,
8,76,8,male,floater,
8,77,8,male,floater,
8,78,8,male,floater,
8,80,8,male,floater,
8,81,8,male,floater,
8,82,8,male,floater,
8,83,8,male,floater,
8,85,8,male,floater,
8,86,8,male,floater,
8,87,8,male,floater,
8,88,8,male,floater,
8,89,8,male,floater,
8,90,8,male,floater,
8,91,8,male,floater,
8,92,8,male,floater,
8,93,8,male,floater,
8,94,8,male,floater,
8,95,8,male,floater,
8,96,8,male,floater,
8,97,8,male,floater,
8,98,8,male,floater,
8,99,8,male,floater,
8,100,8,male,floater,
8,101,8,male,floater,
8,102,8,male,floater,
8,103,8,male,floater,
8,104,8,male,floater,
8,105,8,male,floater,
8,106,8,male,floater,
8,107,8,male,floater,
8,108,8,male,floater,
8,109,8,male,floater,
8,111,8,male,floater,
8,112,8,male,floater,
8,113,8,male,floater,
8,114,8,male,floater,
8,115,8,male,floater,
8,116,8,male,floater,
8,117,8,male,floater,
8,119,8,male,floater,
8,120,8,male,floater,
8,121,8,male,floater,
8,123,8,male,floater,
8,124,8,male,floater,
8,125,8,male,floater,
8,126,8,male,floater,
8,127,8,male,floater,
8,128,8,male,floater,
8,129,8,male,floater,
8,130,8,male,floater,
8,133,8,male,floater,
8,134,8,male,floater,
8,135,8,male,floater,
8,136,8,male,floater,
8,137,8,male,floater,
8,138,8,male,floater,
8,139,8,male,floater,
8,140,8,male,floater,
8,141,8,male,floater,
8,142,8,male,floater,
8,143,8,male,floater,
8,144,8,male,floater,
8,146,8,male,floater,
8,147,8,male,floater,
8,148,8,male,floater,
8,150,8,female,floater,
8,151,8,female,floater,
8,154,8,female,floater,
8,155,8,female,floater,
8,156,8,female,floater,
8,157,8,female,floater,
8,158,8,female,floater,
8,159,8,female,floater,
8,160,8,female,floater,
8,161,8,female,floater,
8,163,8,female,floater,
8,164,8,female,floater,
8,166,8,female,primary,7.0
8,167,8,female,floater,
8,169,8,female,floater,
8,170,8,female,floater,
8,171,8,female,floater,
8,172,8,female,floater,
8,173,8,female,floater,
8,174,8,female,floater,
8,175,8,female,floater,
8,176,8,female,primary,1.0
8,177,8,female,floater,
8,178,8,female,floater,
8,179,8,female,floater,
8,180,8,female,primary,5.0
8,182,8,female,floater,
8,184,8,female,floater,
8,185,8,female,floater,
8,189,8,female,floater,
8,190,8,female,floater,
8,191,8,female,floater,
8,192,8,female,floater,
8,193,8,female,floater,
8,194,8,female,floater,
8,195,8,female,floater,
8,196,8,female,floater,
8,197,8,female,floater,
8,198,8,female,floater,
8,200,8,female,floater,
8,201,8,female,floater,
8,202,8,female,floater,
8,203,8,female,floater,
8,204,8,female,floater,
8,205,8,female,floater,
8,206,8,female,floater,
8,207,8,female,floater,
8,208,8,female,floater,
8,209,8,female,floater,
8,211,8,female,floater,
8,212,8,female,floater,
8,213,8,female,floater,
8,215,8,female,floater,
8,216,8,female,floater,
8,217,8,female,floater,
8,218,8,female,floater,
8,219,8,female,floater,
8,220,8,female,floater,
8,221,8,female,floater,
8,222,8,female,floater,
8,223,8,female,floater,
8,224,8,female,floater,
8,225,8,female,floater,
8,226,8,female,floater,
8,229,8,female,floater,
8,230,8,female,floater,
8,231,8,female,floater,
8,232,8,female,floater,
8,234,8,female,floater,
8,236,8,female,floater,
8,237,8,female,floater,
8,238,8,female,floater,
8,239,8,female,floater,
8,240,8,female,floater,
8,241,8,female,floater,
8,243,8,female,floater,
8,244,8,female,floater,
8,245,8,female,floater,
8,246,8,female,floater,
8,247,8,female,floater,
8,248,8,female,floater,
8,249,8,female,floater,
8,250,8,female,floater,
8,251,8,female,floater,
8,254,8,female,floater,
8,256,8,female,floater,
8,257,8,female,floater,
8,258,8,female,floater,
8,259,8,female,floater,
8,260,8,female,floater,
8,261,8,female,floater,
8,262,8,female,floater,
8,263,8,female,floater,
8,264,8,female,floater,
8,265,8,female,floater,
8,266,8,female,floater,
8,267,8,female,floater,
8,268,8,female,floater,
8,269,8,female,floater,
8,270,8,female,floater,
8,271,8,female,floater,
8,273,8,female,floater,
8,274,8,female,floater,
8,275,8,female,floater,
8,276,8,female,floater,
8,278,8,female,floater,
8,279,8,female,floater,
8,280,8,female,floater,
8,281,8,female,floater,
8,282,8,female,floater,
8,283,8,female,floater,
8,284,8,female,floater,
8,285,8,female,floater,
8,286,8,female,floater,
8,287,8,female,floater,
8,288,8,female,floater,
8,289,8,female,floater,
8,291,8,female,floater,
8,292,8,female,floater,
8,293,8,female,floater,
8,294,8,female,floater,
8,295,8,female,floater,
8,296,8,female,floater,
8,297,8,female,floater,
8,299,8,female,floater,
8,300,8,male,floater,
8,302,7,male,floater,
8,304,6,female,floater,
8,307,5,female,floater,
8,310,5,male,floater,
8,312,5,male,floater,
8,313,5,male,subordinate,4.0
8,314,5,male,subordinate,5.0
8,315,4,male,floater,
8,316,4,female,floater,
8,317,4,male,floater,
8,318,4,male,floater,
8,319,4,male,floater,
8,320,4,female,floater,
8,321,4,male,floater,
8,324,4,male,subordinate,5.0
8,325,3,male,floater,
8,326,3,female,floater,
8,327,3,female,floater,
8,328,3,male,floater,
8,329,3,female,floater,
8,332,3,female,primary,4.0
8,333,3,male,subordinate,5.0
8,334,2,male,subordinate,1.0
8,335,2,male,floater,
8,336,2,female,floater,
8,337,2,male,floater,
8,338,2,female,floater,
8,339,2,female,floater,
8,340,2,male,floater,
8,341,2,male,floater,
8,342,1,female,floater,
8,343,1,female,subordinate,4.0
8,344,1,male,subordinate,5.0
8,345,1,male,subordinate,7.0
8,346,0,female,fledgling,1.0
8,347,0,male,fledgling,4.0
8,348,0,male,fledgling,4.0
8,349,0,male,fledgling,5.0
8,350,0,female,fledgling,7.0
9,0,9,male,primary,1.0
9,6,9,male,primary,4.0
9,7,9,male,primary,7.0
9,8,9,male,floater,
9,9,9,male,floater,
9,11,9,male,floater,
9,13,9,male,floater,
9,14,9,male,floater,
9,15,9,male,floater,
9,16,9,male,floater,
9,17,9,male,floater,
9,18,9,male,floater,
9,19,9,male,floater,
9,20,9,male,floater,
9,22,9,male,floater,
9,23,9,male,floater,
9,24,9,male,floater,
9,25,9,male,floater,
9,26,9,male,floater,
9,29,9,male,floater,
9,30,9,male,floater,
9,31,9,male,floater,
9,35,9,male,floater,
9,36,9,male,floater,
9,37,9,male,floater,
9,39,9,male,floater,
9,41,9,male,floater,
9,42,9,male,floater,
9,43,9,male,floater,
9,44,9,male,floater,
9,45,9,male,floater,
9,47,9,male,floater,
9,48,9,male,floater,
9,49,9,male,floater,
9,50,9,male,floater,
9,52,9,male,floater,
9,53,9,male,floater,
9,54,9,male,floater,
9,55,9,male,floater,
9,56,9,male,floater,
9,57,9,male,floater,
9,58,9,male,floater,
9,60,9,male,floater,
9,61,9,male,floater,
9,62,9,male,floater,
9,63,9,male,floater,
9,64,9,male,floater,
9,65,9,male,floater,
9,66,9,male,floater,
9,67,9,male,floater,
9,69,9,male,floater,
9,70,9,male,floater,
9,73,9,male,floater,
9,74,9,male,floater,
9,75,9,male,floater,
9,77,9,male,floater,
9,78,9,male,floater,
9,80,9,male,floater,
9,81,9,male,floater,
9,83,9,male,floater,
9,86,9,male,floater,
9,87,9,male,floater,
9,88,9,male,floater,
9,90,9,male,floater,
9,91,9,male,floater,
9,92,9,male,floater,
9,94,9,male,floater,
9,95,9,male,floater,
9,96,9,male,floater,
9,97,9,male,floater,
9,98,9,male,floater,
9,100,9,male,floater,
9,101,9,male,floater,
9,102,9,male,floater,
9,104,9,male,floater,
9,105,9,male,floater,
9,106,9,male,floater,
9,107,9,male,floater,
9,108,9,male,floater,
9,109,9,male,floater,
9,111,9,male,floater,
9,112,9,male,floater,
9,113,9,male,floater,
9,114,9,male,floater,
9,115,9,male,floater,
9,116,9,male,floater,
9,117,9,male,floater,
9,119,9,male,floater,
9,120,9,male,floater,
9,121,9,male,floater,
9,126,9,male,floater,
9,127,9,male,floater,
9,128,9,male,floater,
9,129,9,male,floater,
9,130,9,male,floater,
9,133,9,male,floater,
9,134,9,male,floater,
9,136,9,male,floater,
9,137,9,male,floater,
9,139,9,male,floater,
9,140,9,male,floater,
9,142,9,male,floater,
9,143,9,male,floater,
9,144,9,male,floater,
9,146,9,male,floater,
9,147,9,male,floater,
9,148,9,male,floater,
9,150,9,female,floater,
9,154,9,female,floater,
9,155,9,female,floater,
9,156,9,female,floater,
9,157,9,female,floater,
9,159,9,female,floater,
9,161,9,female,floater,
9,163,9,female,floater,
9,166,9,female,primary,7.0
9,167,9,female,floater,
9,169,9,female,floater,
9,170,9,female,floater,
9,171,9,female,floater,
9,172,9,female,floater,
9,173,9,female,floater,
9,174,9,female,floater,
9,175,9,female,floater,
9,176,9,female,primary,1.0
9,177,9,female,floater,
9,178,9,female,floater,
9,179,9,female,floater,
9,182,9,female,floater,
9,184,9,female,floater,
9,191,9,female,floater,
9,192,9,female,floater,
9,193,9,female,floater,
9,194,9,female,floater,
9,195,9,female,floater,
9,197,9,female,floater,
9,200,9,female,floater,
9,201,9,female,floater,
9,202,9,female,floater,
9,203,9,female,floater,
9,205,9,female,floater,
9,208,9,female,floater,
9,209,9,female,floater,
9,211,9,female,floater,
9,212,9,female,floater,
9,213,9,female,floater,
9,215,9,female,floater,
9,216,9,female,floater,
9,217,9,female,floater,
9,218,9,female,floater,
9,219,9,female,floater,
9,221,9,female,floater,
9,222,9,female,floater,
9,223,9,female,floater,
9,224,9,female,floater,
9,226,9,female,floater,
9,229,9,female,floater,
9,230,9,female,floater,
9,231,9,female,floater,
9,232,9,female,floater,
9,234,9,female,floater,
9,236,9,female,floater,
9,238,9,female,floater,
9,239,9,female,floater,
9,240,9,female,floater,
9,241,9,female,floater,
9,244,9,female,floater,
9,245,9,female,floater,
9,246,9,female,floater,
9,247,9,female,floater,
9,248,9,female,floater,
9,249,9,female,floater,
9,250,9,female,floater,
9,254,9,female,floater,
9,257,9,female,floater,
9,258,9,female,floater,
9,259,9,female,floater,
9,260,9,female,floater,
9,261,9,female,floater,
9,262,9,female,floater,
9,263,9,female,floater,
9,264,9,female,floater,
9,265,9,female,floater,
9,267,9,female,floater,
9,268,9,female,floater,
9,269,9,female,floater,
9,271,9,female,floater,
9,273,9,female,floater,
9,275,9,female,floater,
9,276,9,female,floater,
9,279,9,female,floater,
9,281,9,female,floater,
9,282,9,female,floater,
9,283,9,female,floater,
9,285,9,female,floater,
9,287,9,female,floater,
9,288,9,female,floater,
9,289,9,female,floater,
9,292,9,female,floater,
9,293,9,female,floater,
9,294,9,female,floater,
9,295,9,female,floater,
9,296,9,female,floater,
9,297,9,female,floater,
9,299,9,female,floater,
9,300,9,male,floater,
9,302,8,male,floater,
9,304,7,female,floater,
9,307,6,female,floater,
9,310,6,male,floater,
9,312,6,male,floater,
9,313,6,male,subordinate,4.0
9,314,6,male,primary,5.0
9,315,5,male,floater,
9,316,5,female,floater,
9,317,5,male,floater,
9,318,5,male,floater,
9,319,5,male,floater,
9,320,5,female,floater,
9,321,5,male,floater,
9,324,5,male,subordinate,5.0
9,325,4,male,floater,
9,326,4,female,floater,
9,327,4,female,floater,
9,328,4,male,floater,
9,329,4,female,floater,
9,332,4,female,primary,4.0
9,333,4,male,subordinate,5.0
9,334,3,male,subordinate,1.0
9,335,3,male,floater,
9,336,3,female,floater,
9,337,3,male,floater,
9,338,3,female,floater,
9,339,3,female,floater,
9,340,3,male,floater,
9,341,3,male,floater,
9,342,2,female,floater,
9,343,2,female,subordinate,4.0
9,344,2,male,subordinate,5.0
9,345,2,male,subordinate,7.0
9,346,1,female,floater,
9,347,1,male,floater,
9,348,1,male,floater,
9,349,1,male,floater,
9,350,1,female,subordinate,7.0
9,351,0,female,fledgling,1.0
9,352,0,male,fledgling,4.0
9,353,0,male,fledgling,4.0
9,354,0,male,fledgling,5.0
9,355,0,female,fledgling,7.0
9,356,0,male,fledgling,7.0
10,14,10,male,floater,
10,15,10,male,floater,
10,16,10,male,floater,
10,20,10,male,floater,
10,23,10,male,floater,
10,24,10,male,floater,
10,26,10,male,floater,
10,29,10,male,floater,
10,30,10,male,floater,
10,36,10,male,floater,
10,39,10,male,floater,
10,42,10,male,floater,
10,43,10,male,floater,
10,45,10,male,floater,
10,47,10,male,floater,
10,48,10,male,floater,
10,50,10,male,floater,
10,52,10,male,floater,
10,53,10,male,floater,
10,54,10,male,floater,
10,58,10,male,floater,
10,63,10,male,floater,
10,64,10,male,floater,
10,66,10,male,floater,
10,70,10,male,floater,
10,83,10,male,floater,
10,87,10,male,floater,
10,88,10,male,floater,
10,90,10,male,floater,
10,91,10,male,floater,
10,95,10,male,floater,
10,96,10,male,floater,
10,100,10,male,floater,
10,107,10,male,floater,
10,108,10,male,floater,
10,111,10,male,floater,
10,112,10,male,floater,
10,113,10,male,floater,
10,115,10,male,floater,
10,116,10,male,floater,
10,120,10,male,floater,
10,121,10,male,floater,
10,126,10,male,floater,
10,128,10,male,floater,
10,130,10,male,floater,
10,133,10,male,floater,
10,134,10,male,floater,
10,136,10,male,floater,
10,137,10,male,floater,
10,142,10,male,floater,
10,154,10,female,floater,
10,155,10,female,floater,
10,156,10,female,floater,
10,157,10,female,floater,
10,161,10,female,floater,
10,163,10,female,floater,
10,170,10,female,floater,
10,172,10,female,floater,
10,175,10,female,floater,
10,178,10,female,floater,
10,182,10,female,floater,
10,184,10,female,floater,
10,192,10,female,floater,
10,193,10,female,floater,
10,194,10,female,floater,
10,197,10,female,floater,
10,201,10,female,floater,
10,208,10,female,floater,
10,209,10,female,floater,
10,211,10,female,floater,
10,212,10,female,floater,
10,215,10,female,floater,
10,218,10,female,floater,
10,219,10,female,floater,
10,222,10,female,floater,
10,229,10,female,floater,
10,231,10,female,floater,
10,234,10,female,floater,
10,236,10,female,floater,
10,241,10,female,floater,
10,245,10,female,floater,
10,247,10,female,floater,
10,248,10,female,floater,
10,254,10,female,floater,
10,258,10,female,floater,
10,261,10,female,floater,
10,262,10,female,floater,
10,263,10,female,floater,
10,268,10,female,floater,
10,269,10,female,floater,
10,271,10,female,floater,
10,273,10,female,floater,
10,275,10,female,floater,
10,279,10,female,floater,
10,281,10,female,floater,
10,282,10,female,floater,
10,285,10,female,floater,
10,287,10,female,floater,
10,294,10,female,floater,
10,296,10,female,floater,
10,297,10,female,floater,
10,300,10,male,floater,
10,302,9,male,floater,
10,304,8,female,floater,
10,307,7,female,floater,
10,310,7,male,floater,
10,312,7,male,floater,
10,313,7,male,subordinate,4.0
10,314,7,male,primary,5.0
10,315,6,male,floater,
10,316,6,female,floater,
10,317,6,male,floater,
10,318,6,male,floater,
10,319,6,male,floater,
10,320,6,female,floater,
10,321,6,male,floater,
10,324,6,male,floater,
10,325,5,male,floater,
10,326,5,female,floater,
10,327,5,female,floater,
10,328,5,male,floater,
10,329,5,female,floater,
10,332,5,female,primary,4.0
10,333,5,male,floater,
10,334,4,male,floater,
10,335,4,male,floater,
10,336,4,female,floater,
10,337,4,male,floater,
10,338,4,female,floater,
10,339,4,female,floater,
10,340,4,male,floater,
10,341,4,male,floater,
10,342,3,female,floater,
10,343,3,female,subordinate,4.0
10,344,3,male,floater,
10,345,3,male,subordinate,7.0
10,346,2,female,floater,
10,347,2,male,floater,
10,348,2,male,floater,
10,349,2,male,floater,
10,350,2,female,subordinate,7.0
10,351,1,female,floater,
10,352,1,male,subordinate,4.0
10,353,1,male,subordinate,4.0
10,354,1,male,floater,
10,355,1,female,subordinate,7.0
10,356,1,male,subordinate,7.0
10,357,0,female,fledgling,1.0
10,358,0,female,fledgling,4.0
10,359,0,male,fledgling,4.0
10,360,0,male,fledgling,5.0
10,361,0,male,fledgling,7.0
10,362,0,male,fledgling,7.0
10,363,0,female,fledgling,7.0
